{
  "GET /api/v1/threads/create" : {
    "transaction" : "GET /api/v1/threads/create",
    "sampleCount" : 20,
    "errorCount" : 0,
    "errorPct" : 0.0,
    "meanResTime" : 5.05,
    "medianResTime" : 5.0,
    "minResTime" : 2.0,
    "maxResTime" : 8.0,
    "pct1ResTime" : 7.900000000000002,
    "pct2ResTime" : 8.0,
    "pct3ResTime" : 8.0,
    "throughput" : 2.108147991989038,
    "receivedKBytesPerSec" : 0.4014539633182249,
    "sentKBytesPerSec" : 0.28204714345947085
  },
  "GET /api/v1/objects/create" : {
    "transaction" : "GET /api/v1/objects/create",
    "sampleCount" : 20,
    "errorCount" : 0,
    "errorPct" : 0.0,
    "meanResTime" : 7.4499999999999975,
    "medianResTime" : 5.0,
    "minResTime" : 2.0,
    "maxResTime" : 58.0,
    "pct1ResTime" : 7.900000000000002,
    "pct2ResTime" : 55.499999999999964,
    "pct3ResTime" : 58.0,
    "throughput" : 2.0671834625322996,
    "receivedKBytesPerSec" : 0.3936531007751938,
    "sentKBytesPerSec" : 0.2765665374677002
  },
  "Total" : {
    "transaction" : "Total",
    "sampleCount" : 60,
    "errorCount" : 0,
    "errorPct" : 0.0,
    "meanResTime" : 6.9833333333333325,
    "medianResTime" : 6.0,
    "minResTime" : 2.0,
    "maxResTime" : 58.0,
    "pct1ResTime" : 8.0,
    "pct2ResTime" : 8.949999999999996,
    "pct3ResTime" : 58.0,
    "throughput" : 5.889281507656066,
    "receivedKBytesPerSec" : 1.1598357135846094,
    "sentKBytesPerSec" : 0.7764189487632508
  },
  "GET /actuator/health" : {
    "transaction" : "GET /actuator/health",
    "sampleCount" : 20,
    "errorCount" : 0,
    "errorPct" : 0.0,
    "meanResTime" : 8.450000000000001,
    "medianResTime" : 7.0,
    "minResTime" : 2.0,
    "maxResTime" : 46.0,
    "pct1ResTime" : 8.900000000000002,
    "pct2ResTime" : 44.14999999999998,
    "pct3ResTime" : 46.0,
    "throughput" : 2.10637177461822,
    "receivedKBytesPerSec" : 0.44225579252238023,
    "sentKBytesPerSec" : 0.26946748288572936
  }
}