{
  "GET /api/v1/threads/create" : {
    "transaction" : "GET /api/v1/threads/create",
    "sampleCount" : 20,
    "errorCount" : 0,
    "errorPct" : 0.0,
    "meanResTime" : 5.7,
    "medianResTime" : 6.0,
    "minResTime" : 3.0,
    "maxResTime" : 9.0,
    "pct1ResTime" : 8.0,
    "pct2ResTime" : 8.95,
    "pct3ResTime" : 9.0,
    "throughput" : 1.996805111821086,
    "receivedKBytesPerSec" : 0.38025097344249204,
    "sentKBytesPerSec" : 0.2671506839057508
  },
  "GET /api/v1/objects/create" : {
    "transaction" : "GET /api/v1/objects/create",
    "sampleCount" : 20,
    "errorCount" : 0,
    "errorPct" : 0.0,
    "meanResTime" : 9.850000000000001,
    "medianResTime" : 6.5,
    "minResTime" : 2.0,
    "maxResTime" : 83.0,
    "pct1ResTime" : 12.600000000000009,
    "pct2ResTime" : 79.49999999999994,
    "pct3ResTime" : 83.0,
    "throughput" : 1.9563728846718185,
    "receivedKBytesPerSec" : 0.3725514770615279,
    "sentKBytesPerSec" : 0.2617412941406632
  },
  "Total" : {
    "transaction" : "Total",
    "sampleCount" : 60,
    "errorCount" : 0,
    "errorPct" : 0.0,
    "meanResTime" : 8.649999999999999,
    "medianResTime" : 7.0,
    "minResTime" : 2.0,
    "maxResTime" : 83.0,
    "pct1ResTime" : 9.0,
    "pct2ResTime" : 12.899999999999991,
    "pct3ResTime" : 83.0,
    "throughput" : 5.643871695983444,
    "receivedKBytesPerSec" : 1.1115046797102812,
    "sentKBytesPerSec" : 0.7440651161696924
  },
  "GET /actuator/health" : {
    "transaction" : "GET /actuator/health",
    "sampleCount" : 20,
    "errorCount" : 0,
    "errorPct" : 0.0,
    "meanResTime" : 10.4,
    "medianResTime" : 8.0,
    "minResTime" : 3.0,
    "maxResTime" : 63.0,
    "pct1ResTime" : 10.800000000000004,
    "pct2ResTime" : 60.39999999999996,
    "pct3ResTime" : 63.0,
    "throughput" : 2.011263073209976,
    "receivedKBytesPerSec" : 0.42228668041029765,
    "sentKBytesPerSec" : 0.2573002564360418
  }
}